Risk,Impact,Probability,Mitigation,Owner,Status,Notes
Business mode calculation engine integration complexity with existing investment_calculations.py module,High,Medium,Comprehensive testing protocol and validation framework with industry benchmarks,Technical Lead,Open,Business Mode - Technical risk identified 2025-07-29 targeting resolution 2025-08-15
Personal mode AI recommendation engine performance under high user load during peak usage,High,Medium,Load testing with scalable cloud infrastructure and caching optimization,Backend Developer,Open,Personal Mode - Technical risk identified 2025-07-29 targeting resolution 2025-08-20
Business mode investment data validation across 9 investment types with inconsistent data formats,Medium,High,Automated validation rules and data quality scoring with user feedback,Data Scientist,Open,Business Mode - Data Quality risk identified 2025-07-29 targeting resolution 2025-08-10
Personal mode payment processing and subscription management security compliance,High,Low,PCI DSS compliance implementation with third-party payment processor integration,Security Engineer,Open,Personal Mode - Security risk identified 2025-07-29 targeting resolution 2025-09-01
Business mode user adoption resistance due to complex investment portfolio interface,Medium,Medium,Comprehensive training program and change management with user feedback loops,Product Manager,Open,Business Mode - Business risk identified 2025-07-29 targeting resolution 2025-08-30
Personal mode real-time market data API integration reliability and cost management,Medium,Medium,Multiple API provider redundancy with cost monitoring and usage optimization,Technical Lead,Open,Personal Mode - Technical risk identified 2025-07-29 targeting resolution 2025-08-25
Business mode calculation response time degradation with large investment portfolios,High,Medium,Algorithm optimization and caching strategy with performance monitoring,Backend Developer,Open,Business Mode - Performance risk identified 2025-07-29 targeting resolution 2025-08-20
Personal mode GDPR and data privacy compliance for user financial data protection,High,Low,Privacy by design implementation with legal review and audit trails,Compliance Officer,Open,Personal Mode - Compliance risk identified 2025-07-29 targeting resolution 2025-09-15
Business mode ERP system connectivity and data synchronization challenges,Medium,High,Robust API framework with error handling and retry mechanisms,Integration Specialist,Open,Business Mode - Integration risk identified 2025-07-29 targeting resolution 2025-09-10
Personal mode subscription revenue model viability and customer retention rates,High,Medium,Market research validation and flexible pricing strategy with retention analytics,Business Analyst,Open,Personal Mode - Financial risk identified 2025-07-29 targeting resolution 2025-08-31
Business mode file upload system scalability for large CSV/Excel investment data files,Medium,Medium,Chunked file processing with progress indicators and cloud storage optimization,Backend Developer,Open,Business Mode - Technical risk identified 2025-07-29 targeting resolution 2025-08-15
Personal mode mobile responsiveness for investment management on mobile devices,Medium,High,Mobile-first design approach with responsive testing across device types,UI/UX Designer,Open,Personal Mode - User Experience risk identified 2025-07-29 targeting resolution 2025-08-20
Business mode cost center vs profit center calculation logic accuracy validation,High,Low,Mathematical validation with industry expert review and benchmark testing,Data Scientist,Open,Business Mode - Technical risk identified 2025-07-29 targeting resolution 2025-08-10
Personal mode OCR document processing performance with high volume document uploads,Medium,Medium,Cloud-based OCR service with queue management and parallel processing,Technical Architect,Open,Personal Mode - Scalability risk identified 2025-07-29 targeting resolution 2025-08-25
Business mode ROI calculation methodology acceptance by enterprise stakeholders,Medium,Medium,Industry standard methodology implementation with transparent documentation,Subject Matter Expert,Open,Business Mode - Business risk identified 2025-07-29 targeting resolution 2025-08-31
Personal mode investment recommendation accuracy using MPT and CAPM models,High,Medium,Backtesting framework with historical data validation and model tuning,Quantitative Analyst,Open,Personal Mode - Technical risk identified 2025-07-29 targeting resolution 2025-09-05
Business mode reporting system export functionality across multiple formats,Low,High,Robust export engine with format validation and error handling,Full Stack Developer,Open,Business Mode - Integration risk identified 2025-07-29 targeting resolution 2025-08-15
Personal mode user authentication and session management security vulnerabilities,High,Low,Multi-factor authentication with secure session handling and regular security audits,Security Engineer,Open,Personal Mode - Security risk identified 2025-07-29 targeting resolution 2025-08-30
Business mode dashboard visualization performance with complex investment analytics,Medium,Medium,Optimized charting libraries with data aggregation and lazy loading,Frontend Developer,Open,Business Mode - Performance risk identified 2025-07-29 targeting resolution 2025-08-20
Personal mode financial advice regulatory compliance for investment recommendations,High,Medium,Disclaimer implementation with regulatory review and compliance monitoring,Legal Counsel,Open,Personal Mode - Compliance risk identified 2025-07-29 targeting resolution 2025-09-20
Business mode backup and disaster recovery for critical investment portfolio data,High,Low,Automated backup system with disaster recovery testing and documentation,DevOps Engineer,Open,Business Mode - Technical risk identified 2025-07-29 targeting resolution 2025-08-25
Personal mode subscription tier feature differentiation clarity for user understanding,Medium,High,Clear feature comparison matrix with user onboarding and upgrade pathways,Product Manager,Open,Personal Mode - User Experience risk identified 2025-07-29 targeting resolution 2025-08-15
Business mode multi-user concurrent access data consistency across investment sessions,Medium,Medium,Database transaction management with conflict resolution and data locking,Database Administrator,Open,Business Mode - Technical risk identified 2025-07-29 targeting resolution 2025-08-30
Personal mode bank account connectivity for automated transaction import functionality,High,High,Secure banking API integration with error handling and transaction validation,Integration Developer,Open,Personal Mode - Integration risk identified 2025-07-29 targeting resolution 2025-09-10
Business mode implementation timeline delays due to complex calculation requirements,Medium,High,Agile development approach with iterative delivery and stakeholder communication,Project Manager,Open,Business Mode - Business risk identified 2025-07-29 targeting resolution 2025-08-31
FINOPT-006,Technical,Personal mode real-time market data API integration reliability and cost management,Medium,Medium,Multiple API provider redundancy with cost monitoring and usage optimization,Technical Lead,Open,2025-07-29,2025-08-25,Personal Mode
FINOPT-007,Performance,Business mode calculation response time degradation with large investment portfolios,High,Medium,Algorithm optimization and caching strategy with performance monitoring,Backend Developer,Open,2025-07-29,2025-08-20,Business Mode
FINOPT-008,Compliance,Personal mode GDPR and data privacy compliance for user financial data protection,High,Low,Privacy by design implementation with legal review and audit trails,Compliance Officer,Open,2025-07-29,2025-09-15,Personal Mode
FINOPT-009,Integration,Business mode ERP system connectivity and data synchronization challenges,Medium,High,Robust API framework with error handling and retry mechanisms,Integration Specialist,Open,2025-07-29,2025-09-10,Business Mode
FINOPT-010,Financial,Personal mode subscription revenue model viability and customer retention rates,High,Medium,Market research validation and flexible pricing strategy with retention analytics,Business Analyst,Open,2025-07-29,2025-08-31,Personal Mode
FINOPT-011,Technical,Business mode file upload system scalability for large CSV/Excel investment data files,Medium,Medium,Chunked file processing with progress indicators and cloud storage optimization,Backend Developer,Open,2025-07-29,2025-08-15,Business Mode
FINOPT-012,User Experience,Personal mode mobile responsiveness for investment management on mobile devices,Medium,High,Mobile-first design approach with responsive testing across device types,UI/UX Designer,Open,2025-07-29,2025-08-20,Personal Mode
FINOPT-013,Technical,Business mode cost center vs profit center calculation logic accuracy validation,High,Low,Mathematical validation with industry expert review and benchmark testing,Data Scientist,Open,2025-07-29,2025-08-10,Business Mode
FINOPT-014,Scalability,Personal mode OCR document processing performance with high volume document uploads,Medium,Medium,Cloud-based OCR service with queue management and parallel processing,Technical Architect,Open,2025-07-29,2025-08-25,Personal Mode
FINOPT-015,Business,Business mode ROI calculation methodology acceptance by enterprise stakeholders,Medium,Medium,Industry standard methodology implementation with transparent documentation,Subject Matter Expert,Open,2025-07-29,2025-08-31,Business Mode
FINOPT-016,Technical,Personal mode investment recommendation accuracy using MPT and CAPM models,High,Medium,Backtesting framework with historical data validation and model tuning,Quantitative Analyst,Open,2025-07-29,2025-09-05,Personal Mode
FINOPT-017,Integration,Business mode reporting system export functionality across multiple formats,Low,High,Robust export engine with format validation and error handling,Full Stack Developer,Open,2025-07-29,2025-08-15,Business Mode
FINOPT-018,Security,Personal mode user authentication and session management security vulnerabilities,High,Low,Multi-factor authentication with secure session handling and regular security audits,Security Engineer,Open,2025-07-29,2025-08-30,Personal Mode
FINOPT-019,Performance,Business mode dashboard visualization performance with complex investment analytics,Medium,Medium,Optimized charting libraries with data aggregation and lazy loading,Frontend Developer,Open,2025-07-29,2025-08-20,Business Mode
FINOPT-020,Compliance,Personal mode financial advice regulatory compliance for investment recommendations,High,Medium,Disclaimer implementation with regulatory review and compliance monitoring,Legal Counsel,Open,2025-07-29,2025-09-20,Personal Mode
FINOPT-021,Technical,Business mode backup and disaster recovery for critical investment portfolio data,High,Low,Automated backup system with disaster recovery testing and documentation,DevOps Engineer,Open,2025-07-29,2025-08-25,Business Mode
FINOPT-022,User Experience,Personal mode subscription tier feature differentiation clarity for user understanding,Medium,High,Clear feature comparison matrix with user onboarding and upgrade pathways,Product Manager,Open,2025-07-29,2025-08-15,Personal Mode
FINOPT-023,Technical,Business mode multi-user concurrent access data consistency across investment sessions,Medium,Medium,Database transaction management with conflict resolution and data locking,Database Administrator,Open,2025-07-29,2025-08-30,Business Mode
FINOPT-024,Integration,Personal mode bank account connectivity for automated transaction import functionality,High,High,Secure banking API integration with error handling and transaction validation,Integration Developer,Open,2025-07-29,2025-09-10,Personal Mode
FINOPT-025,Business,Business mode implementation timeline delays due to complex calculation requirements,Medium,High,Agile development approach with iterative delivery and stakeholder communication,Project Manager,Open,2025-07-29,2025-08-31,Business Mode
